<core:FragmentDefinition
    xmlns="sap.m"
    xmlns:l="sap.ui.layout"
    xmlns:f="sap.ui.layout.form"
    xmlns:core="sap.ui.core" >
    <Dialog id="_IDGenDialog1" title="Add Data">
        <content>
 
           
               
                
                
               <List id ="dhb" headerText="Input" >

               <InputListItem id="_IDGenInputListItem1" label="Name">
			<Input id="name2"  />
		</InputListItem>
        <InputListItem id="_IDGenInputListItem2" label="Email ID">
			<Input id="name3"  />
		</InputListItem>
        <InputListItem id="_IDGenInputListItem3" label="Manager">
			<Input id="name1"  />
		</InputListItem>
        	<InputListItem id="_IDGenInputListItem4" label="Department">
			<Select id="depart">
				<core:Item id="ABAP" key="5b690b74-f80f-4d4b-a26b-ddac619f7641" text="SAP ABAP"  />
				<core:Item id="DIGITAL" key="48d2698e-c318-4729-9acd-e580e87d04f0" text="SAP DIGITAL" />	
			</Select>
		</InputListItem>
               </List>
            
 
        </content>
       
       <Button id="_IDGenButton2" text="Save" press="savedata"/>
       <Button id="_IDGenButton1" text="Close" press="handleCloseDialog"/>
       
       
    </Dialog>
</core:FragmentDefinition >