{
    "scopes": [
      {
        "name": "$XSAPPNAME.RiskViewer",
        "description": "RiskViewer"
      },
      {
        "name": "$XSAPPNAME.RiskManager",
        "description": "RiskManager"
      }
    ],
    "attributes": [],
    "role-templates": [
      {
        "name": "RiskViewer",
        "description": "generated",
        "scope-references": [
          "$XSAPPNAME.RiskViewer"
        ],
        "attribute-references": []
      },
      {
        "name": "RiskManager",
        "description": "generated",
        "scope-references": [
          "$XSAPPNAME.RiskManager"
        ],
        "attribute-references": []
      }
    ]
  }